Red Fighter,Blue Fighter,Predicted Result,Probability
Randy Brown,Jared Gooden,win,0.5369736217322603
Mackenzie Dern,Marina Rodriguez,loss,0.5756690200231711
Batgerel Danaa,Brandon Davis,win,0.5689620060579791
Danny Roberts,Ramazan Emeev,loss,0.7124661567541896
Andrew Sanchez,Bruno Silva,loss,0.5706999219197342
Andrei Arlovski,Carlos Felipe,win,0.5813497211694465
Aspen Ladd,Norma Dumont,loss,0.5550379273798668
Livinha Souza,Randa Markos,loss,0.6264507121935305
Dwight Grant,Francisco Trinaldo,loss,0.636599185985778
Alex Caceres,SeungWoo Choi,loss,0.6802607834561021
Grant Dawson,Ricky Glenn,win,0.565916456928216
Paulo Costa,Marvin Vettori,loss,0.8149147412901927
Lerone Murphy,Makwan Amirkhani,win,0.6402206923444843
Zubaira Tukhugov,Ricardo Ramos,win,0.5494992674433185
Virna Jandiroba,Amanda Ribas,loss,0.6108664873289167
Magomed Ankalaev,Volkan Oezdemir,win,0.586798417790407
Khamzat Chimaev,Li Jingliang,win,0.803979700910983
Alexander Volkov,Marcin Tybura,win,0.7842330016719951
Dan Hooker,Islam Makhachev,loss,0.8514555478906358
Cory Sandhagen,Petr Yan,loss,0.7018248222109019
Glover Teixeira,Jan Blachowicz,loss,0.5859448977490673
John Allan,Dustin Jacoby,loss,0.757844914016893
Edmen Shahbazyan,Nassourdine Imavov,win,0.7291102454476684
Al Iaquinta,Bobby Green,loss,0.6621973658020361
Shane Burgos,Billy Quarantillo,loss,0.6226025854159328
Frankie Edgar,Marlon Vera,loss,0.6194022830017466
Rose Namajunas,Zhang Weili,win,0.5347951219098465
Kamaru Usman,Colby Covington,loss,0.5249212402166205
Kennedy Nzechukwu,Da Woon Jung,loss,0.6486504896926979
Liana Jojua,Cortney Casey,win,0.5629861640092981
Andrea Lee,Cynthia Calvillo,loss,0.8173641816629603
Thiago Moises,Joel Alvarez,win,0.5516954157985042
Julio Arce,Song Yadong,loss,0.6564178800417357
Khaos Williams,Miguel Baeza,loss,0.7121209174743844
Ben Rothwell,Marcos Rogerio de Lima,win,0.5244556640410883
Yair Rodriguez,Max Holloway,loss,0.6032816031028205
Loma Lookboonmee,Loopy Godinez,loss,0.5235198224474118
Adrian Yanez,Davey Grant,loss,0.5857491845226028
Kyung Ho Kang,Rani Yahya,win,0.6058275727590864
Joanne Wood,Taila Santos,loss,0.8656568438679225
Michael Chiesa,Sean Brady,loss,0.610974347411078
Ketlen Vieira,Miesha Tate,win,0.5712270414653694
Vince Morales,Louis Smolka,loss,0.7270018423923525
Chris Gruetzemacher,Claudio Puelles,loss,0.5801516452092605
William Knight,Alonzo Menifield,loss,0.8275727493446133
Zhalgas Zhumagulov,Manel Kape,loss,0.5571202836730269
Maki Pitolo,Dusko Todorovic,win,0.5919023492921928
Alex Morono,Mickey Gall,win,0.6612922123781657
Clay Guida,Leonardo Santos,loss,0.7962350491978524
Jimmy Crute,Jamahal Hill,loss,0.6078281004489063
Rafael Fiziev,Brad Riddell,loss,0.5302827777905222
Rob Font,Jose Aldo,win,0.8459266707935073
Priscila Cachoeira,Gillian Robertson,loss,0.7565793659080903
Darrick Minner,Ryan Hall,loss,0.5844352716714094
Andre Muniz,Eryk Anders,loss,0.5842907884619218
Bruno Silva,Jordan Wright,loss,0.5678418569639242
Tai Tuivasa,Augusto Sakai,win,0.6061160817891903
Dominick Cruz,Pedro Munhoz,win,0.6076927909376187
Dan Ige,Josh Emmett,loss,0.721211033684819
Raulian Paiva,Sean O'Malley,loss,0.700182313918715
Cody Garbrandt,Kai Kara-France,win,0.6396477742582436
Geoff Neal,Santiago Ponzinibbio,loss,0.7834731314786764
Amanda Nunes,Julianna Pena,win,0.894972550847819
Dustin Poirier,Charles Oliveira,loss,0.6615914475792926
Macy Chiasson,Raquel Pennington,win,0.5410399763220614
Charles Jourdain,Andre Ewell,loss,0.5825228545055153
Darren Elkins,Cub Swanson,loss,0.7512672349005076
Mateusz Gamrot,Diego Ferreira,win,0.6788269557101395
Ricky Simon,Raphael Assuncao,win,0.8375285759850505
Angela Hill,Amanda Lemos,loss,0.683038336925101
Stephen Thompson,Belal Muhammad,loss,0.853081058569833
Chris Daukaus,Derrick Lewis,win,0.8348330663104578
TJ Brown,Charles Rosa,win,0.6047386371136106
Kevin Croom,Brian Kelleher,loss,0.7278390569870807
Jennifer Maia,Katlyn Cerminara,loss,0.4978844972213029
Rogerio Bontorin,Brandon Royval,win,0.502196812536588
Chase Sherman,Jake Collier,loss,0.7960698212453925
Giga Chikadze,Calvin Kattar,win,0.7754920168609157
Said Nurmagomedov,Cody Stamann,loss,0.6092013412887124
Brandon Moreno,Deiveson Figueiredo,win,0.5463159353690085
Ciryl Gane,Francis Ngannou,win,0.8309710421353113
Julija Stoliarenko,Alexis Davis,win,0.5232390491549448
Michael Trizano,Hakeem Dawodu,loss,0.6004671477536443
Steven Peterson,Julian Erosa,win,0.6279845798400006
Sam Alvey,Brendan Allen,loss,0.6755668980183054
Jack Hermansson,Sean Strickland,loss,0.7470586046670841
William Knight,Maxim Grishin,loss,0.6034077743642386
Roxanne Modafferi,Casey O'Neill,loss,0.7873116420951892
Andrei Arlovski,Jared Vanderaa,win,0.6117900178318078
Nasrat Haqparast,Bobby Green,loss,0.7282293748860241
Alexander Hernandez,Renato Moicano,loss,0.5327674198611709
Jared Cannonier,Derek Brunson,loss,0.7289250050255632
Derrick Lewis,Tai Tuivasa,loss,0.5762238936918499
Robert Whittaker,Israel Adesanya,loss,0.5840316911640809
Joaquin Buckley,Abdul Razak Alhassan,win,0.7823154399716091
Parker Porter,Alan Baudot,win,0.656113583731702
Jamie Pickett,Kyle Daukaus,win,0.49022231426210244
Johnny Walker,Jamahal Hill,loss,0.6607407818833712
Jonathan Martinez,Alejandro Perez,loss,0.5944487256664597
Arman Tsarukyan,Joel Alvarez,win,0.8989290248465931
Priscila Cachoeira,Ji Yeon Kim,loss,0.515313881404146
Misha Cirkunov,Wellington Turman,win,0.5753333319349193
Bobby Green,Islam Makhachev,loss,0.9205017656437743
Michal Oleksiejczuk,Dustin Jacoby,win,0.5439712879080748
Ludovit Klein,Devonte Smith,loss,0.6659006658621974
Mariya Agapova,Maryna Moroz,loss,0.5655498348361593
Kennedy Nzechukwu,Nicolae Negumereanu,win,0.6766202803595914
Yan Xiaonan,Marina Rodriguez,loss,0.8445938678131534
Jalin Turner,Jamie Mullarkey,win,0.5520124526284746
Greg Hardy,Serghei Spivac,win,0.5158260738529336
Alex Oliveira,Kevin Holland,loss,0.9180523486851572
Bryce Mitchell,Edson Barboza,win,0.8795044280314327
Renato Moicano,Rafael Dos Anjos,win,0.683308149932104
Jorge Masvidal,Colby Covington,loss,0.6695772712080829
Miranda Maverick,Sabina Mazo,loss,0.5095289951617001
JJ Aldrich,Gillian Robertson,loss,0.6256860140746356
Karl Roberson,Khalil Rountree Jr.,loss,0.5776778614022987
Alex Caceres,Sodiq Yusuff,loss,0.7973645933365234
Song Yadong,Marlon Moraes,loss,0.5135388383479805
Magomed Ankalaev,Thiago Santos,win,0.5292692691208791
Jack Shore,Timur Valiev,win,0.8009117106184449
Nikita Krylov,Paul Craig,win,0.6229264082785728
Sergei Pavlovich,Shamil Abdurakhimov,win,0.772115613358884
Mike Grundy,Makwan Amirkhani,loss,0.4963792546403542
Jai Herbert,Ilia Topuria,loss,0.6416255589275534
Molly McCann,Luana Carolina,loss,0.5280201465839149
Gunnar Nelson,Takashi Sato,win,0.7699126734707862
Arnold Allen,Dan Hooker,win,0.5847360026062098
Alexander Volkov,Tom Aspinall,loss,0.6311521594858409
David Dvorak,Matheus Nicolau,loss,0.5211108256193289
Jennifer Maia,Manon Fiorot,loss,0.8454929683101736
Chris Gutierrez,Batgerel Danaa,win,0.6560938802391758
Sara McMann,Karol Rosa,win,0.6045817437938622
Neil Magny,Max Griffin,win,0.618190132980096
Kai Kara-France,Askar Askarov,win,0.6329500378403962
Bryan Barberena,Matt Brown,loss,0.5754214226692024
Joanne Wood,Alexa Grasso,win,0.5527251257349749
Chris Daukaus,Curtis Blaydes,loss,0.5035600883041783
Aleksei Oleinik,Jared Vanderaa,win,0.6515037308772095
Raquel Pennington,Aspen Ladd,win,0.5569920146417021
Mark Madsen,Vinc Pichel,loss,0.5750932074287499
Tecia Torres,Mackenzie Dern,loss,0.6022880164768021
Khamzat Chimaev,Gilbert Burns,win,0.786596151474483
Petr Yan,Aljamain Sterling,win,0.5590334430469599
Chan Sung Jung,Alexander Volkanovski,loss,0.7053975747028021
Kevin Croom,Alatengheili,win,0.6066242186895301
Rafa Garcia,Jesse Ronson,win,0.7466288102387643
Lina Lansberg,Pannie Kianzad,loss,0.720372957518322
William Knight,Devin Clark,win,0.509653462552877
Mayra Bueno Silva,Wu Yanan,win,0.5093545403080716
Belal Muhammad,Vicente Luque,win,0.5442165849104621
Tyson Pedro,Ike Villanueva,win,0.5972870011797143
Jordan Wright,Marc-Andre Barriault,loss,0.6405487460446176
Lando Vannata,Charles Jourdain,win,0.5128116792629667
Maycee Barber,Montana De La Rosa,loss,0.6838558779180489
Claudio Puelles,Clay Guida,loss,0.503168987767402
Amanda Lemos,Jessica Andrade,win,0.7910740166167978
Chase Sherman,Alexandr Romanov,loss,0.9406014972007547
Krzysztof Jotko,Gerald Meerschaert,win,0.5992416634077123
Jared Gordon,Grant Dawson,loss,0.5838149639915222
Jake Collier,Andrei Arlovski,loss,0.6091915245981446
Rob Font,Marlon Vera,win,0.5394075139482801
Ariane Carnelossi,Loopy Godinez,loss,0.6019815818620481
Marcos Rogerio de Lima,Blagoy Ivanov,win,0.5953486877373124
Brandon Royval,Matt Schnell,win,0.711677975409125
Norma Dumont,Macy Chiasson,loss,0.5066693336330761
Danny Roberts,Francisco Trinaldo,loss,0.6748634878143498
Khaos Williams,Randy Brown,loss,0.5095152770186067
Mauricio Rua,Ovince Saint Preux,win,0.5721676864948525
Tony Ferguson,Michael Chandler,win,0.5535739887635462
Carla Esparza,Rose Namajunas,loss,0.7890946391666998
Charles Oliveira,Justin Gaethje,loss,0.5432273379914946
Virna Jandiroba,Angela Hill,win,0.7168770707065488
Alan Patrick,Michael Johnson,loss,0.8087165276086609
Viviane Araujo,Andrea Lee,win,0.7052560848460154
Katlyn Cerminara,Amanda Ribas,win,0.6044467971587447
Louis Smolka,Davey Grant,loss,0.5716308136237053
Ion Cutelaba,Ryan Spann,loss,0.5236496135754065
Jan Blachowicz,Aleksandar Rakic,loss,0.7519054362712719
Felipe Colares,Chase Hooper,loss,0.5353913442467542
Vince Morales,Jonathan Martinez,loss,0.6124030936697015
Eryk Anders,JunYong Park,win,0.5992602014051044
Michel Pereira,Santiago Ponzinibbio,win,0.5286091789986174
Holly Holm,Ketlen Vieira,win,0.6727059143494161
Alex Da Silva,Joe Solecki,loss,0.5616414797368067
Karolina Kowalkiewicz,Felice Herrig,loss,0.7218893040895046
Ode Osbourne,Zarrukh Adashev,loss,0.6459683992614879
Dan Ige,Movsar Evloev,loss,0.7822395723339787
Alexander Volkov,Jairzinho Rozenstruik,win,0.5333995844469016
Batgerel Danaa,Kyung Ho Kang,loss,0.6420648410224801
Brendan Allen,Jacob Malkoun,loss,0.7629118061599374
Josh Culibao,SeungWoo Choi,win,0.5136743292191345
Andre Fialho,Jake Matthews,loss,0.7337419515613492
Joanna Jedrzejczyk,Zhang Weili,loss,0.5128857819551508
Valentina Shevchenko,Taila Santos,win,0.9308490880605076
Kyle Daukaus,Roman Dolidze,loss,0.5268224310142423
Deron Winn,Phil Hawes,loss,0.5903195127321046
Cody Stamann,Eddie Wineland,win,0.7688064940130823
Ricardo Ramos,Danny Chavez,win,0.6469876470346506
Adrian Yanez,Tony Kelley,loss,0.5212468810191141
Julian Marquez,Gregory Rodrigues,win,0.539978601876298
Tim Means,Kevin Holland,win,0.5497756938372248
Calvin Kattar,Josh Emmett,loss,0.6371608443420885
Mario Bautista,Brian Kelleher,win,0.5210545881259689
Raulian Paiva,Sergey Morozov,loss,0.5130337795075613
Thiago Moises,Christos Giagos,win,0.5886667109665088
Alan Baudot,Josh Parisian,win,0.7093915653786905
Shavkat Rakhmonov,Neil Magny,win,0.686371332992598
Arman Tsarukyan,Mateusz Gamrot,loss,0.5017423010662657
Julija Stoliarenko,Jessica-Rose Clark,loss,0.5399932719176963
Jessica Eye,Maycee Barber,loss,0.8787393201399107
Uriah Hall,Andre Muniz,win,0.5179667389931529
Jim Miller,Donald Cerrone,win,0.7261563400900728
Jalin Turner,Brad Riddell,win,0.8010131307405212
Pedro Munhoz,Sean O'Malley,loss,0.6731498121939135
Pedro Munhoz,Sean O'Malley,loss,0.6536824976720492
Robbie Lawler,Bryan Barberena,loss,0.5416583103134582
Alexander Volkanovski,Max Holloway,win,0.8093771600566179
Israel Adesanya,Jared Cannonier,win,0.781436187911362
Kennedy Nzechukwu,Karl Roberson,win,0.7241651568231388
Cortney Casey,Antonina Shevchenko,loss,0.501493335831986
Jamie Mullarkey,Michael Johnson,loss,0.6135140826357647
Jared Vanderaa,Chase Sherman,loss,0.5476486653344471
Douglas Silva de Andrade,Said Nurmagomedov,loss,0.6115047915745564
Rafael Dos Anjos,Rafael Fiziev,win,0.6261402006594737
Dwight Grant,Dustin Stoltzfus,loss,0.5181923226932563
Dustin Jacoby,Da Woon Jung,win,0.6191750132977748
Bill Algeo,Herbert Burns,win,0.7074778074797918
Jack Shore,Ricky Simon,loss,0.8335848242382099
Dalcha Lungiambula,Punahele Soriano,loss,0.5666308858489663
Miesha Tate,Lauren Murphy,win,0.62831120373971
Charles Jourdain,Shane Burgos,win,0.5821519339877679
Sumudaerji,Matt Schnell,win,0.8198742677690467
Li Jingliang,Muslim Salikhov,loss,0.7286448578083449
Michelle Waterson-Gomez,Amanda Lemos,loss,0.6980029811373623
Yair Rodriguez,Brian Ortega,loss,0.7312775022797975
Claudio Silva,Nicolas Dalby,win,0.5765191019612705
Jai Herbert,Kyle Nelson,win,0.6478294199219744
Makwan Amirkhani,Jonathan Pearce,win,0.5530926712615792
Nathaniel Wood,Charles Rosa,win,0.903314371436711
Damir Hadzovic,Marc Diakiese,loss,0.5666800752731875
Mason Jones,Ludovit Klein,win,0.7615968371549969
Paul Craig,Volkan Oezdemir,win,0.5812614603608459
Hannah Goldy,Molly McCann,loss,0.558948122653599
Alexander Gustafsson,Nikita Krylov,loss,0.6236819695103395
Chris Curtis,Jack Hermansson,win,0.6994419950217382
Curtis Blaydes,Tom Aspinall,loss,0.6932988072836465
Ji Yeon Kim,Joselyne Edwards,loss,0.6406135032895932
Rafa Garcia,Drakkar Klose,loss,0.8017526137586803
Matthew Semelsberger,Alex Morono,loss,0.5863288721520683
Anthony Smith,Magomed Ankalaev,loss,0.5475591300075343
Alexandre Pantoja,Alex Perez,loss,0.5308382520230768
Derrick Lewis,Sergei Pavlovich,loss,0.7159659722927454
Brandon Moreno,Kai Kara-France,win,0.6940436411507258
Amanda Nunes,Julianna Pena,win,0.7176893356193447
Stephanie Egger,Mayra Bueno Silva,win,0.7697376412563111
Michal Oleksiejczuk,Sam Alvey,win,0.5752019774213794
Augusto Sakai,Serghei Spivac,loss,0.586878459204389
Geoff Neal,Vicente Luque,win,0.6352354238990232
Thiago Santos,Jamahal Hill,win,0.5376218843401719
Ode Osbourne,Tyson Nam,loss,0.5413402198540553
Cynthia Calvillo,Nina Nunes,win,0.5779569489238883
Angela Hill,Loopy Godinez,loss,0.8902576569212137
Bruno Silva,Gerald Meerschaert,loss,0.6285413813976584
Ariane Lipski,Priscila Cachoeira,loss,0.5533976130316125
Nate Landwehr,David Onama,loss,0.6258233102825029
Dominick Cruz,Marlon Vera,win,0.7101605757098691
Sean Woodson,Luis Saldana,win,0.6956034033100456
Leonardo Santos,Jared Gordon,win,0.8249371156251077
Marcin Tybura,Alexandr Romanov,loss,0.6500688626298811
Wu Yanan,Lucie Pudilova,win,0.5837123247745813
Merab Dvalishvili,Jose Aldo,win,0.9170460153275704
Luke Rockhold,Paulo Costa,win,0.7436626873889081
Kamaru Usman,Leon Edwards,win,0.7818010545840804
Nasrat Haqparast,John Makdessi,win,0.5411047520365021
Charles Jourdain,Nathaniel Wood,loss,0.7941701971091678
Nassourdine Imavov,Joaquin Buckley,win,0.588117850533021
Marvin Vettori,Robert Whittaker,win,0.7379830661944828
Ciryl Gane,Tai Tuivasa,win,0.9315109882809897
Jake Collier,Chris Barnett,win,0.7285683137380524
Hakeem Dawodu,Julian Erosa,win,0.7004107449162108
Ion Cutelaba,Johnny Walker,loss,0.6273515231789994
Irene Aldana,Macy Chiasson,win,0.5284231011812421
Li Jingliang,Daniel Rodriguez,loss,0.6625703395620404
Kevin Holland,Khamzat Chimaev,loss,0.9194026771570003
Nate Diaz,Tony Ferguson,loss,0.7571758412901347
Mariya Agapova,Gillian Robertson,loss,0.6492631962417059
Damon Jackson,Pat Sabatini,loss,0.6479293837539217
Anthony Hernandez,Marc-Andre Barriault,win,0.5902614618267256
Rodrigo Nascimento,Tanner Boser,loss,0.6679239217629951
Bill Algeo,Andre Fili,win,0.8026434203411694
Cory Sandhagen,Song Yadong,win,0.5121048156981409
Randy Costa,Guido Cannetti,loss,0.6825420613140152
Brendan Allen,Krzysztof Jotko,loss,0.5359630312526306
Jesse Ronson,Joaquim Silva,win,0.5067682127519958
Aleksei Oleinik,Ilir Latifi,loss,0.5662832647595657
Trevin Jones,Raoni Barcelos,loss,0.7434617121122964
Randy Brown,Francisco Trinaldo,win,0.5201176670523752
Yan Xiaonan,Mackenzie Dern,win,0.7027319777787869
Nick Maximov,Jacob Malkoun,loss,0.722662170127375
Alonzo Menifield,Misha Cirkunov,win,0.6622294494788146
Jordan Wright,Dusko Todorovic,win,0.5505460391867145
Jonathan Martinez,Cub Swanson,loss,0.5353235445146628
Alexa Grasso,Viviane Araujo,loss,0.6458381799906061
Lina Lansberg,Karol Rosa,loss,0.8309065346683179
Volkan Oezdemir,Nikita Krylov,win,0.637321794952187
Belal Muhammad,Sean Brady,win,0.5995961159412164
Katlyn Cerminara,Manon Fiorot,loss,0.6115810369458587
Mateusz Gamrot,Beneil Dariush,win,0.6710184285828313
Petr Yan,Sean O'Malley,win,0.5229168031255811
Aljamain Sterling,TJ Dillashaw,loss,0.5732554819200217
Islam Makhachev,Charles Oliveira,win,0.8630400463808896
Chase Hooper,Steve Garcia,loss,0.5252539968817582
Andrei Arlovski,Marcos Rogerio de Lima,win,0.523653164186285
Roman Dolidze,Phil Hawes,loss,0.6209444155688574
Khalil Rountree Jr.,Dustin Jacoby,loss,0.7208844043889341
Max Griffin,Tim Means,win,0.5994244469158412
Arnold Allen,Calvin Kattar,win,0.5994640602790224
Polyana Viana,Jinh Yu Frey,loss,0.6032787715587301
Mario Bautista,Benito Lopez,win,0.7428321453285686
Miranda Maverick,Shanna Young,win,0.5493939014200183
Grant Dawson,Mark Madsen,win,0.6350242335958339
Tagir Ulanbekov,Nate Maness,loss,0.5045041146646908
Shayilan Nuerdanbieke,Darrick Minner,loss,0.7657371440280266
Daniel Rodriguez,Neil Magny,loss,0.5069277298462365
Amanda Lemos,Marina Rodriguez,win,0.7872125722116912
Carlos Ulberg,Nicolae Negumereanu,win,0.4914271809810613
Julio Arce,Montel Jackson,win,0.5394471176278143
Michael Trizano,SeungWoo Choi,loss,0.6681147566526635
Karolina Kowalkiewicz,Silvana Gomez Juarez,loss,0.560823454169287
Andre Petroski,Wellington Turman,win,0.5791129072567
Erin Blanchfield,Molly McCann,win,0.6896066851999396
Ryan Spann,Dominick Reyes,loss,0.7813776028552912
Renato Moicano,Brad Riddell,loss,0.499602466048034
Claudio Puelles,Dan Hooker,loss,0.5728239267086253
Frankie Edgar,Chris Gutierrez,win,0.7668593231024546
Dustin Poirier,Michael Chandler,loss,0.6308530337783982
Carla Esparza,Zhang Weili,loss,0.8606542639026677
Israel Adesanya,Alex Pereira,loss,0.7028177327109779
Miles Johns,Vince Morales,win,0.5243461158658879
Jennifer Maia,Maryna Moroz,loss,0.7302761660481997
Muslim Salikhov,Andre Fialho,win,0.735498695355749
Kennedy Nzechukwu,Ion Cutelaba,loss,0.5304330622773796
Darren Elkins,Jonathan Pearce,loss,0.6003812349781745
Marc Diakiese,Michael Johnson,win,0.5172020633778397
Clay Guida,Scott Holtzman,loss,0.7015303189067587
Niko Price,Phil Rowe,win,0.5229344232700825
Kyle Daukaus,Eryk Anders,loss,0.5815826363973512
Jack Hermansson,Roman Dolidze,win,0.554388581610365
Tai Tuivasa,Sergei Pavlovich,loss,0.8037778988001795
Matheus Nicolau,Matt Schnell,win,0.6720981967604657
Bryan Barberena,Rafael Dos Anjos,loss,0.730641804951232
Kevin Holland,Stephen Thompson,win,0.6141329227576601
Billy Quarantillo,Alexander Hernandez,win,0.5415642267052138
Chris Curtis,Joaquin Buckley,win,0.6323039848706663
Edmen Shahbazyan,Dalcha Lungiambula,win,0.6149876849327414
Chris Daukaus,Jairzinho Rozenstruik,loss,0.5554509993926159
Bryce Mitchell,Ilia Topuria,win,0.8990277559671637
Dricus Du Plessis,Darren Till,win,0.7135596226414342
Santiago Ponzinibbio,Alex Morono,win,0.7334628659778326
Paddy Pimblett,Jared Gordon,loss,0.7948191806010805
Jan Blachowicz,Magomed Ankalaev,loss,0.616937830145617
Journey Newson,Sergey Morozov,win,0.5546780364936544
Manel Kape,David Dvorak,loss,0.5640403426373535
Matthew Semelsberger,Jake Matthews,loss,0.5111922531407318
Cheyanne Vlismas,Cory McKenna,win,0.6550288713646609
Cody Brundage,Michal Oleksiejczuk,win,0.5270720762464611
Bobby Green,Drew Dober,win,0.9203725178812346
Alex Caceres,Julian Erosa,loss,0.6321685921795407
Arman Tsarukyan,Damir Ismagulov,win,0.6843394669946893
Jared Cannonier,Sean Strickland,loss,0.5602290430223785
Raoni Barcelos,Umar Nurmagomedov,loss,0.9472046307575844
Ketlen Vieira,Raquel Pennington,loss,0.5288039194403499
Punahele Soriano,Roman Kopylov,loss,0.5894471742531102
Dan Ige,Damon Jackson,loss,0.6793469963185764
Nassourdine Imavov,Sean Strickland,win,0.6500412218309559
Warlley Alves,Nicolas Dalby,win,0.5197108943691554
Jailton Almeida,Shamil Abdurakhimov,win,0.694932746350395
Paul Craig,Johnny Walker,win,0.536878731526326
Lauren Murphy,Jessica Andrade,loss,0.592067253091036
Gilbert Burns,Neil Magny,win,0.634338780676934
Brandon Moreno,Deiveson Figueiredo,loss,0.6032558293200301
Jamahal Hill,Glover Teixeira,win,0.6280324254225077
Dooho Choi,Kyle Nelson,win,0.6538032558866359
Blagoy Ivanov,Marcin Tybura,win,0.5432512496166246
Da Woon Jung,Devin Clark,win,0.7511307354641075
Serghei Spivac,Derrick Lewis,loss,0.5163128314605123
Loma Lookboonmee,Elise Reed,win,0.8405848535879081
Tyson Pedro,Modestas Bukauskas,loss,0.5145336642079086
Jimmy Crute,Alonzo Menifield,loss,0.6183448252166954
Justin Tafa,Parker Porter,win,0.610774480601419
Randy Brown,Jack Della Maddalena,loss,0.5378653484170632
Josh Emmett,Yair Rodriguez,win,0.6607207623906624
Islam Makhachev,Alexander Volkanovski,win,0.7141586245582369
Philipe Lins,Ovince Saint Preux,win,0.4983959544460283
Mayra Bueno Silva,Lina Lansberg,loss,0.5700188556746025
Alexander Hernandez,Jim Miller,win,0.5827914054182518
William Knight,Marcin Prachnio,loss,0.5062678106071156
Erin Blanchfield,Jessica Andrade,win,0.8510268994346147
Charles Johnson,Ode Osbourne,win,0.5328339148703276
Montana De La Rosa,Tatiana Suarez,loss,0.9032296127527755
Augusto Sakai,Don'Tale Mayes,win,0.6354349282959485
Brendan Allen,Andre Muniz,loss,0.663994726933719
Tabatha Ricci,Jessica Penne,win,0.7488239341304171
Song Kenan,Ian Garry,loss,0.7850843995557008
Marc-Andre Barriault,Julian Marquez,win,0.6671419528661569
Viviane Araujo,Amanda Ribas,loss,0.6734820472561286
Dricus Du Plessis,Derek Brunson,win,0.8463538949847127
Cody Garbrandt,Trevin Jones,win,0.7774334792911183
Jalin Turner,Mateusz Gamrot,win,0.5164968210426188
Geoff Neal,Shavkat Rakhmonov,loss,0.8819662662948355
Alexa Grasso,Valentina Shevchenko,loss,0.8165539072939881
Ciryl Gane,Jon Jones,loss,0.6622542622913382
Carlston Harris,Jared Gooden,loss,0.6460911844802725
Tyson Nam,Bruno Silva,loss,0.5736762028735155
Ariane Lipski,JJ Aldrich,loss,0.683964912192778
Raphael Assuncao,Davey Grant,win,0.634263710602452
Guido Cannetti,Mario Bautista,loss,0.5114830488785159
Said Nurmagomedov,Jonathan Martinez,loss,0.8113088707362881
Ryan Spann,Nikita Krylov,win,0.5639100823102509
Alexander Volkov,Alexandr Romanov,loss,0.6851690249566635
Merab Dvalishvili,Petr Yan,win,0.6722082198397398
Jai Herbert,Ludovit Klein,loss,0.51695004025059
Joanne Wood,Luana Carolina,win,0.5941678567457891
Makwan Amirkhani,Jack Shore,loss,0.812387062384805
Marvin Vettori,Roman Dolidze,win,0.6641893185940387
Jennifer Maia,Casey O'Neill,loss,0.6889152859856511
Gunnar Nelson,Bryan Barberena,loss,0.5347655292710359
Justin Gaethje,Rafael Fiziev,win,0.6578313740609831
Kamaru Usman,Leon Edwards,win,0.6095092462019148
Daniel Lacerda,CJ Vergara,loss,0.5356701651481927
Maycee Barber,Andrea Lee,loss,0.5639543676566986
Nate Landwehr,Austin Lingo,win,0.6140609666615193
Yana Santos,Holly Holm,loss,0.6060730059593965
Cory Sandhagen,Marlon Vera,loss,0.6629200116612461
Shayilan Nuerdanbieke,Steve Garcia,loss,0.5660141065936211
Loopy Godinez,Cynthia Calvillo,loss,0.7087261972484937
Kelvin Gastelum,Chris Curtis,loss,0.7007727070143841
Santiago Ponzinibbio,Kevin Holland,win,0.8215206144474142
Rob Font,Adrian Yanez,win,0.7209857427756917
Jorge Masvidal,Gilbert Burns,loss,0.6622705430766083
Alex Pereira,Israel Adesanya,win,0.6537621511662748
Lucie Pudilova,Joselyne Edwards,loss,0.7400202658338354
Zak Cummings,Ed Herman,win,0.5517805038999897
Matheus Nicolau,Brandon Royval,win,0.6953082924024434
Bill Algeo,TJ Brown,win,0.6323587724827021
Rafa Garcia,Clay Guida,loss,0.6423829189877207
Pedro Munhoz,Chris Gutierrez,loss,0.6015169307389608
Tanner Boser,Ion Cutelaba,loss,0.7497303265731993
Edson Barboza,Billy Quarantillo,loss,0.825211064531963
Arnold Allen,Max Holloway,win,0.5618354531049724
Norma Dumont,Karol Rosa,win,0.5410031823697873
Montel Jackson,Rani Yahya,loss,0.5470122886815763
Christos Giagos,Ricky Glenn,loss,0.7843118270946104
Matthew Semelsberger,Jeremiah Wells,loss,0.5947408976490599
Bobby Green,Jared Gordon,win,0.5784857432798017
Bobby Green,Jared Gordon,loss,0.5006838315153384
Brad Tavares,Bruno Silva,win,0.5078595099623147
Curtis Blaydes,Sergei Pavlovich,loss,0.6522942862812089
Cody Durden,Charles Johnson,loss,0.5009783169691
Cody Brundage,Rodolfo Vieira,loss,0.5894223941228451
Michal Oleksiejczuk,Caio Borralho,win,0.5325361952579415
Song Yadong,Ricky Simon,loss,0.827368366157305
Virna Jandiroba,Marina Rodriguez,loss,0.49012583560708567
Kennedy Nzechukwu,Devin Clark,win,0.6182834681140906
Matt Frevola,Drew Dober,win,0.8315179511668791
Yan Xiaonan,Jessica Andrade,win,0.679084724989493
Belal Muhammad,Gilbert Burns,win,0.7237006414068651
Aljamain Sterling,Henry Cejudo,win,0.656540126021516
Gabe Green,Bryan Battle,loss,0.5357088657562177
Cody Stamann,Douglas Silva de Andrade,loss,0.502397171144425
Matt Brown,Court McGee,win,0.8272602266182739
Alex Morono,Tim Means,loss,0.5869612946721062
Daniel Rodriguez,Ian Garry,loss,0.49919360171358806
Anthony Smith,Johnny Walker,loss,0.7115452658336423
Jailton Almeida,Jairzinho Rozenstruik,win,0.6953373583038783
Ilir Latifi,Rodrigo Nascimento,win,0.6246378196385967
Karolina Kowalkiewicz,Vanessa Demopoulos,loss,0.7666657320922473
Diego Ferreira,Michael Johnson,win,0.6906441118045183
Joaquin Buckley,Andre Fialho,win,0.7013087713110326
Anthony Hernandez,Edmen Shahbazyan,win,0.8519757945287507
Mackenzie Dern,Angela Hill,win,0.7946107928663697
Maxim Grishin,Philipe Lins,win,0.5788895946823843
Elise Reed,Jinh Yu Frey,win,0.6269861730835103
Andrei Arlovski,Don'Tale Mayes,win,0.7540242483116841
Abubakar Nurmagomedov,Elizeu Zaleski dos Santos,loss,0.7046140295584792
Tim Elliott,Victor Altamirano,loss,0.5557184719397215
Alex Caceres,Daniel Pineda,win,0.6995451544971175
Kai Kara-France,Amir Albazi,win,0.6180410977525551
Diana Belbita,Maria Oliveira,win,0.7483350760401424
Aoriqileng,Aiemann Zahabi,loss,0.6659948449610225
Miranda Maverick,Jasmine Jasudavicius,win,0.7759217700200091
Nassourdine Imavov,Chris Curtis,win,0.5363311171987705
Chris Curtis,Nassourdine Imavov,loss,0.6546031405816412
Marc-Andre Barriault,Eryk Anders,win,0.6450064307963684
Dan Ige,Nate Landwehr,win,0.5318268897606776
Charles Oliveira,Beneil Dariush,win,0.5416518611476865
Amanda Nunes,Irene Aldana,win,0.8405369526854379
Dan Argueta,Ronnie Lawrence,win,0.8746288040837438
Muslim Salikhov,Nicolas Dalby,win,0.6475839026952211
Joaquim Silva,Arman Tsarukyan,loss,0.8408428030643479
Jared Cannonier,Marvin Vettori,loss,0.8134883960176447
Tabatha Ricci,Gillian Robertson,loss,0.5812749243849802
Randy Brown,Wellington Turman,win,0.839220586518018
Phil Rowe,Neil Magny,win,0.5548008879434103
Bruno Silva,Brendan Allen,loss,0.6622764357834665
Amanda Ribas,Maycee Barber,win,0.8182304787768284
Ilia Topuria,Josh Emmett,win,0.5353449827959991
Alexandr Romanov,Blagoy Ivanov,win,0.6872679136099106
Karol Rosa,Yana Santos,loss,0.5341833370768502
Ariane Lipski,Melissa Gatto,win,0.6993157277801139
Grant Dawson,Damir Ismagulov,win,0.6901796824197242
Alonzo Menifield,Jimmy Crute,win,0.5221391266627754
Niko Price,Robbie Lawler,win,0.6385833723205215
Dan Hooker,Jalin Turner,win,0.6995044254703379
Robert Whittaker,Dricus Du Plessis,loss,0.8767320563751081
Alexandre Pantoja,Brandon Moreno,loss,0.6918280675488689
Yair Rodriguez,Alexander Volkanovski,loss,0.9020952495987048
Tucker Lutz,Melsik Baghdasaryan,loss,0.7331567670169781
JunYong Park,Albert Duraev,win,0.7106728347410531
Holly Holm,Mayra Bueno Silva,win,0.7392602183274886
Mayra Bueno Silva,Holly Holm,loss,0.773558376353883
Ketlen Vieira,Pannie Kianzad,loss,0.5710372623793171
Makhmud Muradov,Bryan Barberena,win,0.588362768014487
Marc Diakiese,Joel Alvarez,loss,0.7190125936433762
Lerone Murphy,Josh Culibao,loss,0.7306346597752273
Jai Herbert,Fares Ziam,loss,0.6005851507627351
Andre Muniz,Paul Craig,win,0.5949097429175912
Andre Fili,Nathaniel Wood,loss,0.7231028937094341
Molly McCann,Julija Stoliarenko,win,0.5456327332476818
Tom Aspinall,Marcin Tybura,win,0.8779644169279548
Priscila Cachoeira,Miranda Maverick,loss,0.5433450708958989
Uros Medic,Matthew Semelsberger,loss,0.6718861488855977
Kevin Holland,Michael Chiesa,loss,0.5184153611090827
Tony Ferguson,Bobby Green,loss,0.663979637735541
Marcos Rogerio de Lima,Derrick Lewis,win,0.815898990525429
Jan Blachowicz,Alex Pereira,loss,0.6624304944610097
Justin Gaethje,Dustin Poirier,loss,0.5137857366559213
Jake Hadley,Cody Durden,loss,0.6663606518414615
Damon Jackson,Billy Quarantillo,win,0.6005257240180311
Carlston Harris,Jeremiah Wells,loss,0.6738226297762289
Kyler Phillips,Raoni Barcelos,loss,0.6186153247049618
Ludovit Klein,Ignacio Bahamondes,loss,0.707054632191089
Tanner Boser,Aleksa Camur,win,0.5145510122308361
Kennedy Nzechukwu,Dustin Jacoby,loss,0.5389375090499163
Jessica Andrade,Tatiana Suarez,loss,0.9386256592833215
Cory Sandhagen,Rob Font,loss,0.5846970608771939
Josh Parisian,Martin Buday,win,0.5445674295958836
Josh Fremd,Jamie Pickett,win,0.5828466128384159
Khalil Rountree Jr.,Chris Daukaus,loss,0.6575083037163066
Cub Swanson,Hakeem Dawodu,loss,0.5364773436859283
Rafael Dos Anjos,Vicente Luque,win,0.7943607689391625
Natalia Silva,Andrea Lee,win,0.6689582852866925
Andre Petroski,Gerald Meerschaert,win,0.9087271658332718
Cody Gibson,Brad Katona,loss,0.5544494042933066
Kurt Holobaugh,Austin Hubbard,loss,0.5347932903289369
Gregory Rodrigues,Denis Tiuliulin,win,0.650497648916885
Chris Weidman,Brad Tavares,loss,0.6461119168209799
Marlon Vera,Pedro Munhoz,win,0.5151600346707097
Mario Bautista,Da'Mon Blackshear,win,0.4945935856618415
Neil Magny,Ian Garry,loss,0.5665708861343074
Zhang Weili,Amanda Lemos,win,0.6374272019177627
Sean O'Malley,Aljamain Sterling,loss,0.7464208717763535
Michal Oleksiejczuk,Chidi Njokuani,win,0.7449845125189563
Erin Blanchfield,Taila Santos,win,0.7019588539916833
Alex Caceres,Giga Chikadze,loss,0.8657473097049642
Anthony Smith,Ryan Spann,loss,0.5491744791392121
Max Holloway,Chan Sung Jung,win,0.6977219008693402
Thiago Moises,Benoit Saint Denis,win,0.5216536329833666
Rose Namajunas,Manon Fiorot,loss,0.5814320715645842
Ciryl Gane,Serghei Spivac,loss,0.7295863177039417
John Makdessi,Jamie Mullarkey,win,0.5196499354334184
Carlos Ulberg,Da Woon Jung,win,0.593613392667907
Tai Tuivasa,Alexander Volkov,loss,0.6244353920423246
Israel Adesanya,Sean Strickland,loss,0.7308192687959458
Jasmine Jasudavicius,Tracy Cortez,loss,0.729043317907914
Josh Fremd,Roman Kopylov,loss,0.5915725788662203
Elise Reed,Loopy Godinez,loss,0.7686634727493402
Jack Della Maddalena,Kevin Holland,win,0.9058422643052267
Valentina Shevchenko,Alexa Grasso,win,0.5797325301699945
Cody Brundage,Jacob Malkoun,loss,0.7880389421745807
Andre Fialho,Tim Means,loss,0.8349764036300931
Dan Argueta,Miles Johns,win,0.6559112869982602
Miles Johns,Dan Argueta,win,0.6178199398870124
Charles Jourdain,Ricardo Ramos,loss,0.5401137942693979
AJ Fletcher,Bryan Battle,loss,0.544681630388085
Marina Rodriguez,Michelle Waterson-Gomez,win,0.8296168898244363
Bryce Mitchell,Dan Ige,win,0.8166691541110003
Rafael Fiziev,Mateusz Gamrot,win,0.5136960802281637
Montana De La Rosa,JJ Aldrich,win,0.5183094515851593
Johnny Munoz,Aoriqileng,win,0.48658255363361225
Diana Belbita,Karolina Kowalkiewicz,loss,0.7098451043414472
Bill Algeo,Alexander Hernandez,loss,0.5119658134659058
Ricky Glenn,Drew Dober,win,0.6130703496806077
Alex Morono,Joaquin Buckley,win,0.5720152604445284
Bobby Green,Grant Dawson,loss,0.8841905988471566
Emily Ducote,Ashley Yoder,win,0.6765957961431075
Alatengheili,Chris Gutierrez,loss,0.6597844401797659
Darren Elkins,TJ Brown,win,0.6588522558667006
Christian Rodriguez,Cameron Saaiman,loss,0.6318182957705925
Andre Petroski,Michel Pereira,loss,0.6414397751835275
Adrian Yanez,Jonathan Martinez,loss,0.7103658238067223
Viviane Araujo,Jennifer Maia,win,0.5054007446075335
Sodiq Yusuff,Edson Barboza,win,0.6352010715201145
Victor Henry,Javid Basharat,loss,0.7382545307866154
Javid Basharat,Victor Henry,loss,0.6274414061536505
Tim Elliott,Muhammad Mokaev,loss,0.6368318708467227
Johnny Walker,Magomed Ankalaev,loss,0.5829326583104698
Magomed Ankalaev,Johnny Walker,win,0.7974697231574419
Kamaru Usman,Khamzat Chimaev,win,0.542178458386211
Alexander Volkanovski,Islam Makhachev,loss,0.6537016069722167
Denise Gomes,Angela Hill,win,0.8111380610551201
Rinat Fakhretdinov,Elizeu Zaleski dos Santos,win,0.8224797804614205
Rodrigo Nascimento,Don'Tale Mayes,win,0.6771618566114247
Derrick Lewis,Jailton Almeida,loss,0.9425686825430843
Kyung Ho Kang,John Castaneda,win,0.5908484714388721
Mark Madsen,Jared Gordon,loss,0.5325456282811744
Tabatha Ricci,Loopy Godinez,loss,0.7022990097941043
Benoit Saint Denis,Matt Frevola,win,0.8614810885687157
Mackenzie Dern,Jessica Andrade,loss,0.7059438949651251
Sergei Pavlovich,Tom Aspinall,loss,0.6541149408328318
Jiri Prochazka,Alex Pereira,loss,0.6130061911974108
Trey Ogden,Nikolas Motta,loss,0.48914859881599865
Nikolas Motta,Trey Ogden,loss,0.7620500211353602
Joanderson Brito,Jonathan Pearce,loss,0.6934148477673674
Luana Pinheiro,Amanda Ribas,loss,0.5560935078702538
Jordan Leavitt,Chase Hooper,win,0.6463299958845236
Michael Morales,Jake Matthews,loss,0.6381223678838438
Brendan Allen,Paul Craig,win,0.6869234642052714
Wellington Turman,Jared Gooden,loss,0.5978393202972967
Joe Solecki,Drakkar Klose,win,0.522090251271509
Miesha Tate,Julia Avila,win,0.5433410333586448
Dustin Stoltzfus,Punahele Soriano,loss,0.6095974580238659
Joaquim Silva,Clay Guida,loss,0.5775866068369653
Sean Brady,Kelvin Gastelum,win,0.8171613246060453
Rob Font,Deiveson Figueiredo,win,0.5054953375266827
Bobby Green,Jalin Turner,win,0.5104164926526324
Arman Tsarukyan,Beneil Dariush,win,0.6227158427367554
Tatsuro Taira,Carlos Hernandez,win,0.9029879233438238
Andre Muniz,JunYong Park,win,0.5807301608135996
Sumudaerji,Tim Elliott,win,0.5670684393256201
Nasrat Haqparast,Jamie Mullarkey,win,0.5717158709202438
Khalil Rountree Jr.,Anthony Smith,loss,0.5303179681876076
Song Yadong,Chris Gutierrez,win,0.7702242419018167
Tagir Ulanbekov,Cody Durden,loss,0.6751693675147552
Casey O'Neill,Ariane Lipski,win,0.6872562552191406
Cody Garbrandt,Brian Kelleher,win,0.5605489513294993
Irene Aldana,Karol Rosa,win,0.7398882424706076
Dustin Jacoby,Alonzo Menifield,loss,0.5871962064838786
Bryce Mitchell,Josh Emmett,win,0.8419134891268127
Tony Ferguson,Paddy Pimblett,loss,0.7329836629530894
Shavkat Rakhmonov,Stephen Thompson,win,0.9658915050462665
Brandon Royval,Alexandre Pantoja,loss,0.6727942824770689
Colby Covington,Leon Edwards,win,0.6778699306588223
Jared Gooden,Randy Brown,loss,0.6659661068441903
Marina Rodriguez,Mackenzie Dern,win,0.588598245076139
Brandon Davis,Batgerel Danaa,loss,0.5898306114224708
Ramazan Emeev,Danny Roberts,win,0.7307957770919808
Bruno Silva,Andrew Sanchez,win,0.6472338817214447
Carlos Felipe,Andrei Arlovski,loss,0.619426582921118
Norma Dumont,Aspen Ladd,win,0.5141219511046268
Randa Markos,Livinha Souza,win,0.6454961107522398
Francisco Trinaldo,Dwight Grant,win,0.5517609801636785
SeungWoo Choi,Alex Caceres,win,0.7704193849356181
Ricky Glenn,Grant Dawson,loss,0.6340233893593374
Marvin Vettori,Paulo Costa,win,0.6574150532263959
Makwan Amirkhani,Lerone Murphy,loss,0.5474254521400239
Ricardo Ramos,Zubaira Tukhugov,win,0.5242605784100739
Amanda Ribas,Virna Jandiroba,win,0.7141545047765299
Volkan Oezdemir,Magomed Ankalaev,loss,0.5374818198405943
Li Jingliang,Khamzat Chimaev,loss,0.6633741264900092
Marcin Tybura,Alexander Volkov,loss,0.8460175585513036
Islam Makhachev,Dan Hooker,win,0.8312760834446485
Petr Yan,Cory Sandhagen,win,0.6818483730841794
Jan Blachowicz,Glover Teixeira,win,0.5931717202220187
Dustin Jacoby,John Allan,win,0.6640429769433367
Nassourdine Imavov,Edmen Shahbazyan,loss,0.6114895559920996
Bobby Green,Al Iaquinta,win,0.6433788186284908
Billy Quarantillo,Shane Burgos,win,0.6384240579275784
Marlon Vera,Frankie Edgar,win,0.6543255811659726
Zhang Weili,Rose Namajunas,loss,0.6428153876971388
Colby Covington,Kamaru Usman,win,0.531042268362049
Da Woon Jung,Kennedy Nzechukwu,win,0.5593813758120338
Cortney Casey,Liana Jojua,loss,0.5313533406541305
Cynthia Calvillo,Andrea Lee,win,0.7500306652760206
Joel Alvarez,Thiago Moises,loss,0.6251853027648977
Song Yadong,Julio Arce,win,0.6107417901934155
Miguel Baeza,Khaos Williams,win,0.6432414198305221
Marcos Rogerio de Lima,Ben Rothwell,loss,0.49884814246534626
Max Holloway,Yair Rodriguez,win,0.5369383719187666
Loopy Godinez,Loma Lookboonmee,win,0.683495413318557
Davey Grant,Adrian Yanez,win,0.6350775524581227
Rani Yahya,Kyung Ho Kang,loss,0.6409757215671082
Taila Santos,Joanne Wood,win,0.8473139986412233
Sean Brady,Michael Chiesa,win,0.8095606020089453
Miesha Tate,Ketlen Vieira,win,0.518307394162047
Louis Smolka,Vince Morales,win,0.7002873270741244
Claudio Puelles,Chris Gruetzemacher,win,0.5361059526328236
Alonzo Menifield,William Knight,win,0.8873156248318772
Manel Kape,Zhalgas Zhumagulov,win,0.649022049825917
Dusko Todorovic,Maki Pitolo,loss,0.7443364369980836
Mickey Gall,Alex Morono,loss,0.6053414135637923
Leonardo Santos,Clay Guida,win,0.7981353363534907
Jamahal Hill,Jimmy Crute,loss,0.5127919995400603
Brad Riddell,Rafael Fiziev,win,0.5783962861056724
Jose Aldo,Rob Font,loss,0.8037398317984265
Gillian Robertson,Priscila Cachoeira,win,0.5669163254544352
Ryan Hall,Darrick Minner,loss,0.6277041629038016
Eryk Anders,Andre Muniz,win,0.5791753492083109
Jordan Wright,Bruno Silva,loss,0.6461690411015409
Augusto Sakai,Tai Tuivasa,loss,0.5562343144408582
Pedro Munhoz,Dominick Cruz,loss,0.6073409438863755
Josh Emmett,Dan Ige,win,0.7094863890277926
Sean O'Malley,Raulian Paiva,win,0.6111746698063781
Kai Kara-France,Cody Garbrandt,loss,0.5937567317069756
Santiago Ponzinibbio,Geoff Neal,win,0.8146313555578168
Julianna Pena,Amanda Nunes,loss,0.9101398996976616
Charles Oliveira,Dustin Poirier,win,0.7040187960162537
Raquel Pennington,Macy Chiasson,win,0.6472775096303077
Andre Ewell,Charles Jourdain,loss,0.5027130035636039
Cub Swanson,Darren Elkins,win,0.668200169807479
Diego Ferreira,Mateusz Gamrot,loss,0.6530109466396529
Raphael Assuncao,Ricky Simon,loss,0.8874201253530282
Amanda Lemos,Angela Hill,win,0.5497700050574669
Belal Muhammad,Stephen Thompson,win,0.7746553097012565
Derrick Lewis,Chris Daukaus,loss,0.9296693836015646
Charles Rosa,TJ Brown,loss,0.560783716672793
Brian Kelleher,Kevin Croom,win,0.6208393559243537
Katlyn Cerminara,Jennifer Maia,win,0.5730073877331012
Brandon Royval,Rogerio Bontorin,win,0.5141306910258997
Jake Collier,Chase Sherman,win,0.7574773504333138
Calvin Kattar,Giga Chikadze,loss,0.8015008381822786
Cody Stamann,Said Nurmagomedov,win,0.6907178626549549
Deiveson Figueiredo,Brandon Moreno,loss,0.5430292730718206
Francis Ngannou,Ciryl Gane,loss,0.9059159886856162
Alexis Davis,Julija Stoliarenko,loss,0.5586106895789891
Hakeem Dawodu,Michael Trizano,win,0.7399786336761902
Julian Erosa,Steven Peterson,loss,0.46194688025965036
Brendan Allen,Sam Alvey,win,0.7579391713474495
Sean Strickland,Jack Hermansson,win,0.8061179375241232
Maxim Grishin,William Knight,win,0.6431352504989485
Casey O'Neill,Roxanne Modafferi,win,0.8128668389222928
Jared Vanderaa,Andrei Arlovski,loss,0.5088720886098125
Bobby Green,Nasrat Haqparast,win,0.7485736425010564
Renato Moicano,Alexander Hernandez,win,0.5156376775873852
Derek Brunson,Jared Cannonier,win,0.6289294553943927
Tai Tuivasa,Derrick Lewis,loss,0.53007427802188
Israel Adesanya,Robert Whittaker,loss,0.5568007559311668
Abdul Razak Alhassan,Joaquin Buckley,loss,0.7283455253677888
Alan Baudot,Parker Porter,loss,0.6632505086970883
Kyle Daukaus,Jamie Pickett,win,0.5405477252496077
Jamahal Hill,Johnny Walker,win,0.6200820939047484
Alejandro Perez,Jonathan Martinez,win,0.5041804333261991
Joel Alvarez,Arman Tsarukyan,loss,0.9186806164863037
Ji Yeon Kim,Priscila Cachoeira,loss,0.6314104187501883
Wellington Turman,Misha Cirkunov,loss,0.5857739655842624
Islam Makhachev,Bobby Green,win,0.9201550935312606
Dustin Jacoby,Michal Oleksiejczuk,loss,0.5357290500600986
Devonte Smith,Ludovit Klein,loss,0.5468100104828262
Maryna Moroz,Mariya Agapova,loss,0.5108203003985403
Nicolae Negumereanu,Kennedy Nzechukwu,loss,0.6787369006952371
Marina Rodriguez,Yan Xiaonan,win,0.777606216835105
Jamie Mullarkey,Jalin Turner,loss,0.6599817220900421
Serghei Spivac,Greg Hardy,loss,0.5094012017994722
Kevin Holland,Alex Oliveira,win,0.8475174010037765
Edson Barboza,Bryce Mitchell,loss,0.8915036210662912
Rafael Dos Anjos,Renato Moicano,loss,0.7687418360724405
Colby Covington,Jorge Masvidal,win,0.591224441076696
Sabina Mazo,Miranda Maverick,win,0.49811116742056455
Gillian Robertson,JJ Aldrich,win,0.5517494581897201
Khalil Rountree Jr.,Karl Roberson,loss,0.6745988612931865
Sodiq Yusuff,Alex Caceres,win,0.7669119364394377
Marlon Moraes,Song Yadong,win,0.6000690145409779
Thiago Santos,Magomed Ankalaev,loss,0.621104900848704
Timur Valiev,Jack Shore,loss,0.5830499514366262
Paul Craig,Nikita Krylov,win,0.503799823678412
Shamil Abdurakhimov,Sergei Pavlovich,loss,0.7776635493732841
Makwan Amirkhani,Mike Grundy,loss,0.5306111369050366
Ilia Topuria,Jai Herbert,win,0.7796347495274298
Luana Carolina,Molly McCann,loss,0.5372716893058319
Takashi Sato,Gunnar Nelson,loss,0.6714201506816179
Dan Hooker,Arnold Allen,win,0.5630780057251058
Tom Aspinall,Alexander Volkov,win,0.8241560313923951
Matheus Nicolau,David Dvorak,win,0.5291583453046573
Manon Fiorot,Jennifer Maia,win,0.8345865112688682
Batgerel Danaa,Chris Gutierrez,loss,0.7024684907484097
Karol Rosa,Sara McMann,win,0.6895631096277691
Max Griffin,Neil Magny,loss,0.7120143862541386
Askar Askarov,Kai Kara-France,win,0.6777153723987664
Matt Brown,Bryan Barberena,win,0.5986333474722325
Alexa Grasso,Joanne Wood,win,0.6557115136821292
Curtis Blaydes,Chris Daukaus,loss,0.5282379488659604
Jared Vanderaa,Aleksei Oleinik,loss,0.7341493618884205
Aspen Ladd,Raquel Pennington,win,0.6581683785623978
Vinc Pichel,Mark Madsen,win,0.6244110773625918
Mackenzie Dern,Tecia Torres,loss,0.5800621503695119
Gilbert Burns,Khamzat Chimaev,loss,0.7825576014998121
Aljamain Sterling,Petr Yan,loss,0.5334641314750365
Alexander Volkanovski,Chan Sung Jung,win,0.7492317619695816
Alatengheili,Kevin Croom,loss,0.5725290598731035
Jesse Ronson,Rafa Garcia,loss,0.6171368943089213
Pannie Kianzad,Lina Lansberg,win,0.7005378913495179
Devin Clark,William Knight,loss,0.49549247487202414
Wu Yanan,Mayra Bueno Silva,loss,0.5536013189757412
Vicente Luque,Belal Muhammad,loss,0.5545472145369756
Ike Villanueva,Tyson Pedro,loss,0.6738251984052192
Marc-Andre Barriault,Jordan Wright,win,0.5072182790012288
Charles Jourdain,Lando Vannata,loss,0.5296016954998394
Montana De La Rosa,Maycee Barber,win,0.5434450805098172
Clay Guida,Claudio Puelles,win,0.5332641371758472
Jessica Andrade,Amanda Lemos,loss,0.7085907193244881
Alexandr Romanov,Chase Sherman,win,0.953437531088295
Gerald Meerschaert,Krzysztof Jotko,loss,0.6181415199297364
Grant Dawson,Jared Gordon,win,0.5560371402582102
Andrei Arlovski,Jake Collier,win,0.6074163429161906
Marlon Vera,Rob Font,win,0.5628226626737762
Loopy Godinez,Ariane Carnelossi,loss,0.5384790264643701
Blagoy Ivanov,Marcos Rogerio de Lima,win,0.5347190322867049
Matt Schnell,Brandon Royval,loss,0.6671949320162173
Macy Chiasson,Norma Dumont,loss,0.6201732358799376
Francisco Trinaldo,Danny Roberts,win,0.5976312500836469
Randy Brown,Khaos Williams,win,0.626320508216679
Ovince Saint Preux,Mauricio Rua,loss,0.6836937781105245
Michael Chandler,Tony Ferguson,loss,0.599654952858116
Rose Namajunas,Carla Esparza,win,0.7542194520783657
Justin Gaethje,Charles Oliveira,loss,0.5440389576865153
Angela Hill,Virna Jandiroba,loss,0.7342590333555015
Michael Johnson,Alan Patrick,win,0.6569667379112375
Andrea Lee,Viviane Araujo,loss,0.7546836661293799
Amanda Ribas,Katlyn Cerminara,loss,0.6378262867201022
Davey Grant,Louis Smolka,loss,0.5478492552023485
Ryan Spann,Ion Cutelaba,win,0.5876831380121237
Aleksandar Rakic,Jan Blachowicz,win,0.7576093161605488
Chase Hooper,Felipe Colares,loss,0.5284671960652151
Jonathan Martinez,Vince Morales,win,0.6603040645843171
JunYong Park,Eryk Anders,loss,0.5266363258259994
Santiago Ponzinibbio,Michel Pereira,win,0.6409842779433357
Ketlen Vieira,Holly Holm,loss,0.6579101038554072
Joe Solecki,Alex Da Silva,win,0.592733455935188
Felice Herrig,Karolina Kowalkiewicz,win,0.5560374219015968
Zarrukh Adashev,Ode Osbourne,win,0.704458248494772
Movsar Evloev,Dan Ige,win,0.8227385067347599
Jairzinho Rozenstruik,Alexander Volkov,loss,0.6157095648650887
Kyung Ho Kang,Batgerel Danaa,win,0.6381972735385869
Jacob Malkoun,Brendan Allen,win,0.7097837395688941
SeungWoo Choi,Josh Culibao,loss,0.547149887216722
Jake Matthews,Andre Fialho,win,0.7043594179690423
Zhang Weili,Joanna Jedrzejczyk,win,0.5317946968435848
Taila Santos,Valentina Shevchenko,loss,0.9690791409161937
Roman Dolidze,Kyle Daukaus,win,0.5266052318777955
Phil Hawes,Deron Winn,win,0.6668526704055219
Eddie Wineland,Cody Stamann,loss,0.5843656342302823
Danny Chavez,Ricardo Ramos,loss,0.7431768066565939
Tony Kelley,Adrian Yanez,loss,0.6202415064354668
Gregory Rodrigues,Julian Marquez,loss,0.5968316515430299
Kevin Holland,Tim Means,win,0.5254360487113796
Josh Emmett,Calvin Kattar,win,0.574020708594794
Brian Kelleher,Mario Bautista,loss,0.5025977481968977
Sergey Morozov,Raulian Paiva,win,0.5286803533395299
Christos Giagos,Thiago Moises,loss,0.4936569585916423
Josh Parisian,Alan Baudot,loss,0.6307396211179623
Neil Magny,Shavkat Rakhmonov,loss,0.6915962239122067
Mateusz Gamrot,Arman Tsarukyan,loss,0.6536459654871892
Jessica-Rose Clark,Julija Stoliarenko,win,0.5012530894203621
Maycee Barber,Jessica Eye,win,0.8547689298563128
Andre Muniz,Uriah Hall,win,0.600263766491488
Donald Cerrone,Jim Miller,loss,0.6412429276432657
Brad Riddell,Jalin Turner,loss,0.7398702075588176
Sean O'Malley,Pedro Munhoz,win,0.7574491104700593
Sean O'Malley,Pedro Munhoz,win,0.5634346703054303
Bryan Barberena,Robbie Lawler,loss,0.5102147516501405
Max Holloway,Alexander Volkanovski,loss,0.9051135513909793
Jared Cannonier,Israel Adesanya,loss,0.7454237625605107
Karl Roberson,Kennedy Nzechukwu,loss,0.6043999005691122
Antonina Shevchenko,Cortney Casey,loss,0.5130774161149351
Michael Johnson,Jamie Mullarkey,win,0.6843195545544334
Chase Sherman,Jared Vanderaa,loss,0.6886975417931706
Said Nurmagomedov,Douglas Silva de Andrade,win,0.6907090316894255
Rafael Fiziev,Rafael Dos Anjos,win,0.5335790798164192
Dustin Stoltzfus,Dwight Grant,win,0.5712430555956058
Da Woon Jung,Dustin Jacoby,loss,0.5998932414369152
Herbert Burns,Bill Algeo,loss,0.6107925174863662
Ricky Simon,Jack Shore,win,0.8239271615343275
Punahele Soriano,Dalcha Lungiambula,win,0.661474827927926
Lauren Murphy,Miesha Tate,loss,0.5909002013861501
Shane Burgos,Charles Jourdain,loss,0.6708996422201559
Matt Schnell,Sumudaerji,loss,0.7104788574725387
Muslim Salikhov,Li Jingliang,win,0.6204680724480289
Amanda Lemos,Michelle Waterson-Gomez,win,0.7614648943306391
Brian Ortega,Yair Rodriguez,win,0.7426790100528422
Nicolas Dalby,Claudio Silva,loss,0.7442023366056745
Kyle Nelson,Jai Herbert,loss,0.6368454031400244
Jonathan Pearce,Makwan Amirkhani,loss,0.5203963099007436
Charles Rosa,Nathaniel Wood,loss,0.8702638857661473
Marc Diakiese,Damir Hadzovic,win,0.5744467421167578
Ludovit Klein,Mason Jones,loss,0.782050234972775
Volkan Oezdemir,Paul Craig,win,0.5223279718180097
Molly McCann,Hannah Goldy,win,0.6502517822673782
Nikita Krylov,Alexander Gustafsson,loss,0.5740460482008876
Jack Hermansson,Chris Curtis,loss,0.6496164831060951
Tom Aspinall,Curtis Blaydes,win,0.7208561423014598
Joselyne Edwards,Ji Yeon Kim,win,0.703633843347373
Drakkar Klose,Rafa Garcia,win,0.7716363791528124
Alex Morono,Matthew Semelsberger,win,0.5696624346894248
Magomed Ankalaev,Anthony Smith,win,0.5929050192148805
Alex Perez,Alexandre Pantoja,win,0.6896713699085801
Sergei Pavlovich,Derrick Lewis,win,0.6972966809894564
Kai Kara-France,Brandon Moreno,loss,0.7200842403459892
Julianna Pena,Amanda Nunes,loss,0.6763136261108307
Mayra Bueno Silva,Stephanie Egger,loss,0.6268382892515184
Sam Alvey,Michal Oleksiejczuk,win,0.5168012673405674
Serghei Spivac,Augusto Sakai,loss,0.5192628066804625
Vicente Luque,Geoff Neal,loss,0.5119921572511726
Jamahal Hill,Thiago Santos,win,0.5147918093759087
Tyson Nam,Ode Osbourne,win,0.5138558756836303
Nina Nunes,Cynthia Calvillo,loss,0.6182498312920512
Loopy Godinez,Angela Hill,win,0.8949747901129812
Gerald Meerschaert,Bruno Silva,win,0.6279536210397751
Priscila Cachoeira,Ariane Lipski,loss,0.5136025769353539
David Onama,Nate Landwehr,win,0.5428851988204962
Marlon Vera,Dominick Cruz,loss,0.6168588663464201
Luis Saldana,Sean Woodson,loss,0.707159284979659
Jared Gordon,Leonardo Santos,loss,0.8361469823384008
Alexandr Romanov,Marcin Tybura,win,0.6155389417045242
Lucie Pudilova,Wu Yanan,loss,0.6378802194979114
Jose Aldo,Merab Dvalishvili,loss,0.8818623346873941
Paulo Costa,Luke Rockhold,loss,0.82594691324986
Leon Edwards,Kamaru Usman,loss,0.8809836508848072
John Makdessi,Nasrat Haqparast,win,0.577361564573604
Nathaniel Wood,Charles Jourdain,win,0.6460636606906526
Joaquin Buckley,Nassourdine Imavov,loss,0.6558156180335213
Robert Whittaker,Marvin Vettori,loss,0.7254525894804982
Tai Tuivasa,Ciryl Gane,loss,0.9504675071372005
Chris Barnett,Jake Collier,loss,0.7837843832764686
Julian Erosa,Hakeem Dawodu,loss,0.7091209711226872
Johnny Walker,Ion Cutelaba,loss,0.5785119213234202
Macy Chiasson,Irene Aldana,win,0.501909949187184
Daniel Rodriguez,Li Jingliang,win,0.5553916008219648
Khamzat Chimaev,Kevin Holland,win,0.9047238727637557
Tony Ferguson,Nate Diaz,loss,0.5400309487287372
Gillian Robertson,Mariya Agapova,win,0.7116165779211365
Pat Sabatini,Damon Jackson,win,0.615417937832861
Marc-Andre Barriault,Anthony Hernandez,loss,0.5834346938278657
Tanner Boser,Rodrigo Nascimento,win,0.6626203169019336
Andre Fili,Bill Algeo,loss,0.7761984438308934
Song Yadong,Cory Sandhagen,loss,0.5598585298576053
Guido Cannetti,Randy Costa,win,0.6511672800219342
Krzysztof Jotko,Brendan Allen,win,0.5735843794315416
Joaquim Silva,Jesse Ronson,loss,0.7159218837034947
Ilir Latifi,Aleksei Oleinik,loss,0.5239525476218672
Raoni Barcelos,Trevin Jones,win,0.7701238350360085
Francisco Trinaldo,Randy Brown,win,0.5513471958127995
Mackenzie Dern,Yan Xiaonan,loss,0.7390792797902426
Jacob Malkoun,Nick Maximov,win,0.7489196180273471
Misha Cirkunov,Alonzo Menifield,loss,0.7352284987740406
Dusko Todorovic,Jordan Wright,loss,0.661677597752311
Cub Swanson,Jonathan Martinez,loss,0.5327138170482708
Viviane Araujo,Alexa Grasso,win,0.7078412402520708
Karol Rosa,Lina Lansberg,win,0.7929391396037088
Nikita Krylov,Volkan Oezdemir,loss,0.5707954930041069
Sean Brady,Belal Muhammad,win,0.5939569702953784
Manon Fiorot,Katlyn Cerminara,win,0.6632872409963723
Beneil Dariush,Mateusz Gamrot,loss,0.7180475936908439
Sean O'Malley,Petr Yan,loss,0.4944838314159496
TJ Dillashaw,Aljamain Sterling,loss,0.5913991503048343
Charles Oliveira,Islam Makhachev,loss,0.6792278272287131
Steve Garcia,Chase Hooper,win,0.5556212706360698
Marcos Rogerio de Lima,Andrei Arlovski,loss,0.5282495142464456
Phil Hawes,Roman Dolidze,win,0.5152535370716622
Dustin Jacoby,Khalil Rountree Jr.,win,0.6176383173525011
Tim Means,Max Griffin,loss,0.6217481906961204
Calvin Kattar,Arnold Allen,loss,0.6700000598202662
Jinh Yu Frey,Polyana Viana,win,0.4950939285061352
Benito Lopez,Mario Bautista,loss,0.8267655950863145
Shanna Young,Miranda Maverick,loss,0.5939266881981107
Mark Madsen,Grant Dawson,loss,0.5962887191367965
Nate Maness,Tagir Ulanbekov,win,0.5648399298649651
Darrick Minner,Shayilan Nuerdanbieke,win,0.8030626577701034
Neil Magny,Daniel Rodriguez,loss,0.6619301170743952
Marina Rodriguez,Amanda Lemos,loss,0.8297165360572283
Nicolae Negumereanu,Carlos Ulberg,loss,0.5040561151782119
Montel Jackson,Julio Arce,loss,0.5959750952961015
SeungWoo Choi,Michael Trizano,win,0.6120529446148367
Silvana Gomez Juarez,Karolina Kowalkiewicz,win,0.567091634517957
Wellington Turman,Andre Petroski,loss,0.5763489212212317
Molly McCann,Erin Blanchfield,loss,0.7842741612014726
Dominick Reyes,Ryan Spann,win,0.7315279905931614
Brad Riddell,Renato Moicano,loss,0.5015255829823647
Dan Hooker,Claudio Puelles,win,0.6645478252377179
Chris Gutierrez,Frankie Edgar,loss,0.5944791904936076
Michael Chandler,Dustin Poirier,win,0.6345611266314686
Zhang Weili,Carla Esparza,win,0.81557114766258
Alex Pereira,Israel Adesanya,win,0.6026653534355548
Vince Morales,Miles Johns,loss,0.5548778090203897
Maryna Moroz,Jennifer Maia,win,0.6915614308870778
Andre Fialho,Muslim Salikhov,loss,0.7216717977235113
Ion Cutelaba,Kennedy Nzechukwu,loss,0.6129596646463209
Jonathan Pearce,Darren Elkins,win,0.6879159058058032
Michael Johnson,Marc Diakiese,win,0.6336296619657334
Scott Holtzman,Clay Guida,win,0.7073630435821707
Phil Rowe,Niko Price,win,0.5441211647591822
Eryk Anders,Kyle Daukaus,win,0.6360500196064612
Roman Dolidze,Jack Hermansson,win,0.5476780083413878
Sergei Pavlovich,Tai Tuivasa,win,0.7867017440642085
Matt Schnell,Matheus Nicolau,loss,0.6347911720997558
Rafael Dos Anjos,Bryan Barberena,win,0.6439443002891204
Stephen Thompson,Kevin Holland,loss,0.6014964256854264
Alexander Hernandez,Billy Quarantillo,loss,0.5066049983505447
Joaquin Buckley,Chris Curtis,loss,0.5502113354766791
Dalcha Lungiambula,Edmen Shahbazyan,loss,0.6032639423209983
Jairzinho Rozenstruik,Chris Daukaus,loss,0.5164788547364241
Ilia Topuria,Bryce Mitchell,loss,0.9018547858472852
Darren Till,Dricus Du Plessis,loss,0.7308370614610864
Alex Morono,Santiago Ponzinibbio,loss,0.7559465317803004
Jared Gordon,Paddy Pimblett,win,0.7277375964258368
Magomed Ankalaev,Jan Blachowicz,win,0.6810195955585271
Sergey Morozov,Journey Newson,loss,0.49815103200517014
David Dvorak,Manel Kape,win,0.5499447319829392
Jake Matthews,Matthew Semelsberger,loss,0.5650511301218426
Cory McKenna,Cheyanne Vlismas,win,0.6717430323450301
Michal Oleksiejczuk,Cody Brundage,win,0.5492096391683478
Drew Dober,Bobby Green,loss,0.8703959903220847
Julian Erosa,Alex Caceres,win,0.6936810677358751
Damir Ismagulov,Arman Tsarukyan,loss,0.6660431998122365
Sean Strickland,Jared Cannonier,win,0.5480323420272151
Umar Nurmagomedov,Raoni Barcelos,win,0.9535888888546156
Raquel Pennington,Ketlen Vieira,win,0.6765384209902457
Roman Kopylov,Punahele Soriano,win,0.7155705083543343
Damon Jackson,Dan Ige,win,0.5875653060650879
Sean Strickland,Nassourdine Imavov,loss,0.529025043535138
Nicolas Dalby,Warlley Alves,loss,0.7763063285145371
Shamil Abdurakhimov,Jailton Almeida,loss,0.8319463942815908
Johnny Walker,Paul Craig,win,0.5479523905018447
Jessica Andrade,Lauren Murphy,win,0.5279349948999879
Neil Magny,Gilbert Burns,loss,0.744955764127064
Deiveson Figueiredo,Brandon Moreno,win,0.6759777752423856
Glover Teixeira,Jamahal Hill,loss,0.7002266625970817
Kyle Nelson,Dooho Choi,loss,0.6220301700434632
Marcin Tybura,Blagoy Ivanov,win,0.4918919076186589
Devin Clark,Da Woon Jung,loss,0.7654495301188826
Derrick Lewis,Serghei Spivac,loss,0.632345164367158
Elise Reed,Loma Lookboonmee,loss,0.8234986937967588
Modestas Bukauskas,Tyson Pedro,loss,0.6177784177961163
Alonzo Menifield,Jimmy Crute,win,0.5998219614010842
Parker Porter,Justin Tafa,win,0.5037301187926719
Jack Della Maddalena,Randy Brown,win,0.5911162414235609
Yair Rodriguez,Josh Emmett,loss,0.622544315953377
Alexander Volkanovski,Islam Makhachev,win,0.4844688180455097
Ovince Saint Preux,Philipe Lins,win,0.5474383498547859
Lina Lansberg,Mayra Bueno Silva,win,0.5638067650408183
Jim Miller,Alexander Hernandez,loss,0.48851557247388255
Marcin Prachnio,William Knight,loss,0.5682316545811692
Jessica Andrade,Erin Blanchfield,loss,0.8094391211103645
Ode Osbourne,Charles Johnson,loss,0.6456285745870249
Tatiana Suarez,Montana De La Rosa,win,0.9008990617090767
Don'Tale Mayes,Augusto Sakai,loss,0.7005896031785909
Andre Muniz,Brendan Allen,win,0.5390256416693432
Jessica Penne,Tabatha Ricci,loss,0.6747418080978034
Ian Garry,Song Kenan,win,0.7534607245059683
Julian Marquez,Marc-Andre Barriault,loss,0.5058529031363417
Amanda Ribas,Viviane Araujo,win,0.7922372865508159
Derek Brunson,Dricus Du Plessis,loss,0.7834262995383094
Trevin Jones,Cody Garbrandt,loss,0.7325453358919118
Mateusz Gamrot,Jalin Turner,loss,0.5212476644506637
Shavkat Rakhmonov,Geoff Neal,win,0.8062008503734409
Valentina Shevchenko,Alexa Grasso,win,0.883276093417387
Jon Jones,Ciryl Gane,win,0.5576268613695418
Jared Gooden,Carlston Harris,win,0.5376297015266143
Bruno Silva,Tyson Nam,loss,0.5752574143336456
JJ Aldrich,Ariane Lipski,win,0.7259999071659672
Davey Grant,Raphael Assuncao,loss,0.6053001159292208
Mario Bautista,Guido Cannetti,win,0.5346331488444958
Jonathan Martinez,Said Nurmagomedov,win,0.8011423265441938
Nikita Krylov,Ryan Spann,loss,0.685771634126137
Alexandr Romanov,Alexander Volkov,win,0.5959049045502262
Petr Yan,Merab Dvalishvili,loss,0.6823149888375291
Ludovit Klein,Jai Herbert,win,0.6036574452132248
Luana Carolina,Joanne Wood,loss,0.5923133555625621
Jack Shore,Makwan Amirkhani,win,0.9042497467156798
Roman Dolidze,Marvin Vettori,loss,0.6293564560417293
Casey O'Neill,Jennifer Maia,win,0.7081712663914342
Bryan Barberena,Gunnar Nelson,win,0.4977926277036895
Rafael Fiziev,Justin Gaethje,loss,0.7477053810607587
Leon Edwards,Kamaru Usman,loss,0.6537843288275071
CJ Vergara,Daniel Lacerda,win,0.630271376722551
Andrea Lee,Maycee Barber,loss,0.529798897237505
Austin Lingo,Nate Landwehr,loss,0.6856793497542046
Holly Holm,Yana Santos,win,0.6478503116986044
Marlon Vera,Cory Sandhagen,win,0.6585476436636141
Steve Garcia,Shayilan Nuerdanbieke,loss,0.5496285842622897
Cynthia Calvillo,Loopy Godinez,win,0.7456002246660555
Chris Curtis,Kelvin Gastelum,win,0.6424941435370378
Kevin Holland,Santiago Ponzinibbio,loss,0.7838295385741958
Adrian Yanez,Rob Font,loss,0.7282843075706934
Gilbert Burns,Jorge Masvidal,win,0.5324754459411327
Israel Adesanya,Alex Pereira,loss,0.6899851099474791
Joselyne Edwards,Lucie Pudilova,win,0.7137554399320875
Ed Herman,Zak Cummings,loss,0.693627693345306
Brandon Royval,Matheus Nicolau,loss,0.6182315978631215
TJ Brown,Bill Algeo,loss,0.5857931794119173
Clay Guida,Rafa Garcia,win,0.6300123035772126
Chris Gutierrez,Pedro Munhoz,win,0.5396266477181914
Ion Cutelaba,Tanner Boser,win,0.6151401543708724
Billy Quarantillo,Edson Barboza,win,0.7846519454144657
Max Holloway,Arnold Allen,loss,0.6113395019090073
Karol Rosa,Norma Dumont,win,0.5844773882507299
Rani Yahya,Montel Jackson,win,0.5946888573710345
Ricky Glenn,Christos Giagos,win,0.7994630470209407
Jeremiah Wells,Matthew Semelsberger,win,0.628399909569058
Jared Gordon,Bobby Green,loss,0.7974945448734447
Jared Gordon,Bobby Green,loss,0.5802437302416048
Bruno Silva,Brad Tavares,win,0.5198954458327442
Sergei Pavlovich,Curtis Blaydes,win,0.7688857663053893
Charles Johnson,Cody Durden,win,0.5289903678607268
Rodolfo Vieira,Cody Brundage,win,0.5934995887994825
Caio Borralho,Michal Oleksiejczuk,win,0.5594809569338314
Ricky Simon,Song Yadong,win,0.907716134972473
Marina Rodriguez,Virna Jandiroba,win,0.5627032439228442
Devin Clark,Kennedy Nzechukwu,loss,0.7286684697664533
Drew Dober,Matt Frevola,loss,0.7536260884040427
Jessica Andrade,Yan Xiaonan,loss,0.7384576732414099
Gilbert Burns,Belal Muhammad,loss,0.606887673057
Henry Cejudo,Aljamain Sterling,loss,0.6209122693414615
Bryan Battle,Gabe Green,win,0.617951432564191
Douglas Silva de Andrade,Cody Stamann,win,0.543016057607734
Court McGee,Matt Brown,loss,0.8124788041050813
Tim Means,Alex Morono,loss,0.5145968122879484
Ian Garry,Daniel Rodriguez,loss,0.5959377582175855
Johnny Walker,Anthony Smith,win,0.7718087919162151
Jairzinho Rozenstruik,Jailton Almeida,loss,0.769033751584247
Rodrigo Nascimento,Ilir Latifi,loss,0.6480075171189156
Vanessa Demopoulos,Karolina Kowalkiewicz,win,0.7639341761801993
Michael Johnson,Diego Ferreira,loss,0.6425070814425027
Andre Fialho,Joaquin Buckley,loss,0.7189191024900894
Edmen Shahbazyan,Anthony Hernandez,loss,0.8002110791795854
Angela Hill,Mackenzie Dern,loss,0.7668499457040798
Philipe Lins,Maxim Grishin,loss,0.6278120452799383
Jinh Yu Frey,Elise Reed,loss,0.5631229384790677
Don'Tale Mayes,Andrei Arlovski,loss,0.8245007015649701
Elizeu Zaleski dos Santos,Abubakar Nurmagomedov,win,0.6588613905581472
Victor Altamirano,Tim Elliott,win,0.544692068775119
Daniel Pineda,Alex Caceres,loss,0.6342510386265989
Amir Albazi,Kai Kara-France,win,0.5274607083053822
Maria Oliveira,Diana Belbita,loss,0.5900965251535103
Aiemann Zahabi,Aoriqileng,win,0.6082841679542497
Jasmine Jasudavicius,Miranda Maverick,loss,0.7615745697959302
Chris Curtis,Nassourdine Imavov,win,0.5948487611882086
Nassourdine Imavov,Chris Curtis,win,0.6422995028736218
Eryk Anders,Marc-Andre Barriault,loss,0.5862790416521311
Nate Landwehr,Dan Ige,win,0.5665991763193461
Beneil Dariush,Charles Oliveira,win,0.5815775835330047
Irene Aldana,Amanda Nunes,loss,0.7530457943449655
Ronnie Lawrence,Dan Argueta,loss,0.8327927236619675
Nicolas Dalby,Muslim Salikhov,loss,0.6976330578832738
Arman Tsarukyan,Joaquim Silva,win,0.7599664421497028
Marvin Vettori,Jared Cannonier,win,0.5822850246903379
Gillian Robertson,Tabatha Ricci,win,0.5631364424987095
Wellington Turman,Randy Brown,loss,0.8820656792934745
Neil Magny,Phil Rowe,loss,0.5431649492969963
Brendan Allen,Bruno Silva,win,0.6057979529501217
Maycee Barber,Amanda Ribas,loss,0.8704843716325734
Josh Emmett,Ilia Topuria,loss,0.6038232742905746
Blagoy Ivanov,Alexandr Romanov,loss,0.7488480856461743
Yana Santos,Karol Rosa,win,0.5347925997051762
Melissa Gatto,Ariane Lipski,loss,0.7349349780836947
Damir Ismagulov,Grant Dawson,loss,0.8016981791726404
Jimmy Crute,Alonzo Menifield,loss,0.5966595621085996
Robbie Lawler,Niko Price,win,0.5422713876855333
Jalin Turner,Dan Hooker,loss,0.5514593893745082
Dricus Du Plessis,Robert Whittaker,win,0.8553172683489012
Brandon Moreno,Alexandre Pantoja,win,0.7062681100058541
Alexander Volkanovski,Yair Rodriguez,win,0.8061162500931377
Melsik Baghdasaryan,Tucker Lutz,win,0.6251733370053323
Albert Duraev,JunYong Park,loss,0.7260762487056382
Mayra Bueno Silva,Holly Holm,loss,0.6849011464426519
Holly Holm,Mayra Bueno Silva,win,0.8540312056015814
Pannie Kianzad,Ketlen Vieira,win,0.5198216181809191
Bryan Barberena,Makhmud Muradov,loss,0.8584233128559303
Joel Alvarez,Marc Diakiese,win,0.7044975530990953
Josh Culibao,Lerone Murphy,win,0.6777189210365906
Fares Ziam,Jai Herbert,win,0.5405103063125088
Paul Craig,Andre Muniz,loss,0.5716673723507525
Nathaniel Wood,Andre Fili,win,0.8185132898927543
Julija Stoliarenko,Molly McCann,loss,0.6389611012275398
Marcin Tybura,Tom Aspinall,loss,0.8367326755970884
Miranda Maverick,Priscila Cachoeira,win,0.6580689776887251
Matthew Semelsberger,Uros Medic,win,0.7484956110656208
Michael Chiesa,Kevin Holland,win,0.5278337345448344
Bobby Green,Tony Ferguson,loss,0.6182515015180365
Derrick Lewis,Marcos Rogerio de Lima,loss,0.8083505395387411
Alex Pereira,Jan Blachowicz,win,0.5458947459843625
Dustin Poirier,Justin Gaethje,loss,0.6214371788763727
Cody Durden,Jake Hadley,win,0.8439237465064264
Billy Quarantillo,Damon Jackson,loss,0.6031859727193198
Jeremiah Wells,Carlston Harris,win,0.5834016434938757
Raoni Barcelos,Kyler Phillips,win,0.5450200864156872
Ignacio Bahamondes,Ludovit Klein,win,0.7683731233558098
Aleksa Camur,Tanner Boser,win,0.6416288978255349
Dustin Jacoby,Kennedy Nzechukwu,win,0.5636820855206109
Tatiana Suarez,Jessica Andrade,win,0.9379627390601374
Rob Font,Cory Sandhagen,win,0.5339946665788956
Martin Buday,Josh Parisian,loss,0.5609054404487169
Jamie Pickett,Josh Fremd,loss,0.5529226656884362
Chris Daukaus,Khalil Rountree Jr.,win,0.5243775434126383
Hakeem Dawodu,Cub Swanson,loss,0.6536555519805815
Vicente Luque,Rafael Dos Anjos,loss,0.6917674580255356
Andrea Lee,Natalia Silva,loss,0.67618783457122
Gerald Meerschaert,Andre Petroski,loss,0.8444415757316774
Brad Katona,Cody Gibson,win,0.5706838453798234
Austin Hubbard,Kurt Holobaugh,win,0.733472506854858
Denis Tiuliulin,Gregory Rodrigues,loss,0.8089959453098678
Brad Tavares,Chris Weidman,win,0.5817212127325894
Pedro Munhoz,Marlon Vera,loss,0.5340244953426512
Da'Mon Blackshear,Mario Bautista,loss,0.6584577747581513
Ian Garry,Neil Magny,win,0.6399586974097156
Amanda Lemos,Zhang Weili,loss,0.6011736085234727
Aljamain Sterling,Sean O'Malley,win,0.8077889718409773
Chidi Njokuani,Michal Oleksiejczuk,loss,0.556286231974812
Taila Santos,Erin Blanchfield,win,0.550009385575408
Giga Chikadze,Alex Caceres,win,0.879840803265063
Ryan Spann,Anthony Smith,loss,0.576473117119847
Chan Sung Jung,Max Holloway,loss,0.6219997134913945
Benoit Saint Denis,Thiago Moises,loss,0.5349594290782714
Manon Fiorot,Rose Namajunas,win,0.6172019943883257
Serghei Spivac,Ciryl Gane,win,0.6581097747299213
Jamie Mullarkey,John Makdessi,loss,0.6416671790279889
Da Woon Jung,Carlos Ulberg,loss,0.6033202306433343
Alexander Volkov,Tai Tuivasa,win,0.6782081207097106
Sean Strickland,Israel Adesanya,win,0.760403207208041
Tracy Cortez,Jasmine Jasudavicius,win,0.7912467413728803
Roman Kopylov,Josh Fremd,win,0.5906456375237487
Loopy Godinez,Elise Reed,win,0.7373404267214018
Kevin Holland,Jack Della Maddalena,loss,0.8036199475152417
Alexa Grasso,Valentina Shevchenko,loss,0.5593826777499525
Jacob Malkoun,Cody Brundage,win,0.7889733752874111
Tim Means,Andre Fialho,win,0.7453349277521952
Miles Johns,Dan Argueta,loss,0.621903293068954
Dan Argueta,Miles Johns,loss,0.6008716468412408
Ricardo Ramos,Charles Jourdain,win,0.5865834909064266
Bryan Battle,AJ Fletcher,win,0.5159129896532504
Michelle Waterson-Gomez,Marina Rodriguez,loss,0.8323581758721377
Dan Ige,Bryce Mitchell,loss,0.7610437050380757
Mateusz Gamrot,Rafael Fiziev,win,0.5201730573341502
JJ Aldrich,Montana De La Rosa,loss,0.508371096403262
Aoriqileng,Johnny Munoz,loss,0.5625519241310778
Karolina Kowalkiewicz,Diana Belbita,win,0.7767933620750441
Alexander Hernandez,Bill Algeo,loss,0.5805694131156486
Drew Dober,Ricky Glenn,loss,0.6192841550745105
Joaquin Buckley,Alex Morono,loss,0.5117137855393207
Grant Dawson,Bobby Green,win,0.875730123801281
Ashley Yoder,Emily Ducote,loss,0.6479119040411305
Chris Gutierrez,Alatengheili,win,0.5282333238768567
TJ Brown,Darren Elkins,loss,0.7185237622009137
Cameron Saaiman,Christian Rodriguez,win,0.5696862697418704
Michel Pereira,Andre Petroski,win,0.6281515381350228
Jonathan Martinez,Adrian Yanez,win,0.6243038943411702
Jennifer Maia,Viviane Araujo,loss,0.5336990411495844
Edson Barboza,Sodiq Yusuff,loss,0.6846604533231513
Javid Basharat,Victor Henry,win,0.7616821177360551
Victor Henry,Javid Basharat,win,0.5366180238275806
Muhammad Mokaev,Tim Elliott,win,0.7540749383685146
Magomed Ankalaev,Johnny Walker,win,0.6121749902110459
Johnny Walker,Magomed Ankalaev,loss,0.8114509634504377
Khamzat Chimaev,Kamaru Usman,win,0.503400702307749
Islam Makhachev,Alexander Volkanovski,win,0.6439759236244538
Angela Hill,Denise Gomes,loss,0.7663803722733973
Elizeu Zaleski dos Santos,Rinat Fakhretdinov,loss,0.8298693642220322
Don'Tale Mayes,Rodrigo Nascimento,loss,0.6333041055095876
Jailton Almeida,Derrick Lewis,win,0.8536753103687874
John Castaneda,Kyung Ho Kang,loss,0.6646241161473881
Jared Gordon,Mark Madsen,win,0.635917277095414
Loopy Godinez,Tabatha Ricci,win,0.5795694901352165
Matt Frevola,Benoit Saint Denis,loss,0.8288509519674246
Jessica Andrade,Mackenzie Dern,win,0.6564581784315251
Tom Aspinall,Sergei Pavlovich,win,0.5526158420339656
Alex Pereira,Jiri Prochazka,win,0.6915784914200052
Nikolas Motta,Trey Ogden,loss,0.5112692426697292
Trey Ogden,Nikolas Motta,win,0.7584618015996482
Jonathan Pearce,Joanderson Brito,win,0.8458302759146914
Amanda Ribas,Luana Pinheiro,win,0.739475495367613
Chase Hooper,Jordan Leavitt,loss,0.6067138249825378
Jake Matthews,Michael Morales,loss,0.5068697399953149
Paul Craig,Brendan Allen,loss,0.7285840497671603
Jared Gooden,Wellington Turman,win,0.6132865210345748
Drakkar Klose,Joe Solecki,loss,0.5066795993975312
Julia Avila,Miesha Tate,loss,0.6054603369832009
Punahele Soriano,Dustin Stoltzfus,win,0.6525501864082405
Clay Guida,Joaquim Silva,loss,0.5622941447917241
Kelvin Gastelum,Sean Brady,loss,0.7432125067649713
Deiveson Figueiredo,Rob Font,loss,0.5228973286474393
Jalin Turner,Bobby Green,loss,0.7134460602427805
Beneil Dariush,Arman Tsarukyan,loss,0.6103756038170295
Carlos Hernandez,Tatsuro Taira,loss,0.853453257429235
JunYong Park,Andre Muniz,win,0.5842262501217782
Tim Elliott,Sumudaerji,win,0.607441196336085
Jamie Mullarkey,Nasrat Haqparast,win,0.5028685119805291
Anthony Smith,Khalil Rountree Jr.,win,0.6117495577301544
Chris Gutierrez,Song Yadong,loss,0.790304667745974
Cody Durden,Tagir Ulanbekov,win,0.6977170377417723
Ariane Lipski,Casey O'Neill,loss,0.7418157425663363
Brian Kelleher,Cody Garbrandt,win,0.5695242917255335
Karol Rosa,Irene Aldana,loss,0.6375746203071053
Alonzo Menifield,Dustin Jacoby,win,0.6082850573716262
Josh Emmett,Bryce Mitchell,loss,0.7665632966407312
Paddy Pimblett,Tony Ferguson,win,0.683027315060918
Stephen Thompson,Shavkat Rakhmonov,loss,0.8901405526530348
Alexandre Pantoja,Brandon Royval,win,0.7575993346254097
Leon Edwards,Colby Covington,loss,0.8372427664674054
